system:index,B,BLUE,Cu,EC,Fe,GREEN,K,Mn,N,NIR,OC,P,RED,S,SWIR1,SWIR2,TWI,Zn,aspect,clay05,clay515,date,district,elevation,end_date,pH,precipitation,sand05,sand515,silt05,silt515,slope,start_date,temp,village,.geo
0_0,0.6,0.106068045,0.2,0.3,6.7,0.11836289,291,3.7,117.6,0.23995566,0.12,20,0.13665567,6.25,0.28392783,0.19395773,-1.3613701269752763,0.6,90.0,297,314,2023-12-28,SIVAGANGA,94,2024-06-30T00:00:00,6.4,3.0752568,375,364,328,322,1.882285,2023-07-01T00:00:00,30.855032258064515,Sennalakudi,"{""geodesic"":false,""type"":""Point"",""coordinates"":[78.5459485817944,9.889777541692842]}"
1_0,0.6,0.08220734,0.3,0.36,6.9,0.10576972,280,3.8,114.1,0.25461102,0.21,20,0.1115156,6.25,0.26745322,0.19278073,2.821184235059284,0.8,225.43082,301,315,2023-12-28,SIVAGANGA,98,2024-06-30T00:00:00,6.1,3.199294,381,371,318,314,1.321411,2023-07-01T00:00:00,30.867187499999996,Sennalakudi,"{""geodesic"":false,""type"":""Point"",""coordinates"":[78.55052998974341,9.911876097682184]}"
2_0,0.7,0.08901386,0.1,0.27,6.6,0.10876634,259,3.5,83,0.2883505,0.18,30,0.10339802,10,0.2738693,0.16968119,1.6493397303922077,0.8,180.0,303,329,2023-12-28,SIVAGANGA,90,2024-06-30T00:00:00,6.2,3.0752568,381,370,315,301,0.92740995,2023-07-01T00:00:00,30.855032258064515,Sennalakudi,"{""geodesic"":false,""type"":""Point"",""coordinates"":[78.54945201140247,9.887082595840484]}"
3_0,0.5,0.07535648,0.5,0.39,7.5,0.10202685,317,2.9,107,0.26564166,0.27,10.6,0.11084167,10,0.2558713,0.17397685,-0.6684256004409271,0.5,90.0,314,331,2023-12-16,SIVAGANGA,89,2024-06-30T00:00:00,7.06,3.1272776,394,384,293,285,0.9414937,2023-07-01T00:00:00,30.752363636363643,Sennalakudi,"{""geodesic"":false,""type"":""Point"",""coordinates"":[78.54298414135681,9.923733859432561]}"
4_0,0.5,0.082327105,0.6,0.26,7.5,0.10199533,317,2.8,100,0.2571729,0.27,30,0.100329906,7.5,0.2272757,0.14185701,0.03985196958021899,0.4,180.0,277,294,2023-12-16,SIVAGANGA,104,2024-06-30T00:00:00,6.21,3.1272776,402,387,321,319,1.8543341,2023-07-01T00:00:00,30.913,Sennalakudi,"{""geodesic"":false,""type"":""Point"",""coordinates"":[78.54702656013535,9.90433024929558]}"
5_0,0.4,0.08782056,0.7,0.27,7.4,0.108056076,327,3,90,0.2656514,0.27,30,0.11645888,12.5,0.28086075,0.19434112,-1.3614464117756917,0.4,270.0,285,306,2023-12-16,SIVAGANGA,100,2024-06-30T00:00:00,6.3,3.1272776,395,377,320,317,1.8823582,2023-07-01T00:00:00,30.909375,Sennalakudi,"{""geodesic"":false,""type"":""Point"",""coordinates"":[78.54379262511252,9.902443787198928]}"
6_0,0.5,0.099435516,0.6,0.35,7.1,0.11802804,327,2.8,90,0.30483457,0.24,8.5,0.12202524,10,0.27683085,0.18862991,-1.5750396944086122,0.5,142.71634,277,294,2023-12-16,SIVAGANGA,102,2024-06-30T00:00:00,7,3.1272776,402,387,321,319,4.6525774,2023-07-01T00:00:00,30.913,Sennalakudi,"{""geodesic"":false,""type"":""Point"",""coordinates"":[78.54837403306152,9.903521765539871]}"
7_0,0.5,0.08775926,0.5,0.14,7.7,0.11990926,327,4.2,93,0.27097037,0.27,30,0.15474074,12.5,0.32121482,0.23000556,-1.462004844798813,0.4,333.0707,326,334,2023-11-21,SIVAGANGA,110,2024-06-30T00:00:00,6.2,3.0220275,381,375,292,292,2.079674,2023-07-01T00:00:00,30.788800000000005,Adappadakki,"{""geodesic"":false,""type"":""Point"",""coordinates"":[78.76882060378445,10.16385353487771]}"
8_0,0.6,0.08217778,0.3,0.21,6.8,0.11333704,269,3.3,117,0.2754796,0.27,8.5,0.14372222,10,0.32024258,0.22666666,0.1474391642958457,0.5,26.929174,327,334,2023-12-29,SIVAGANGA,105,2024-06-30T00:00:00,6.63,3.0220275,388,381,285,286,2.079672,2023-07-01T00:00:00,30.788800000000005,Adappadakki,"{""geodesic"":false,""type"":""Point"",""coordinates"":[78.76882060378445,10.162506061951529]}"
9_0,0.5,0.09390755,0.4,0.17,7.9,0.12902264,317,4,90,0.3001302,0.27,30,0.16372263,12.5,0.3727566,0.27481887,-1.2543957897113076,0.5,123.273346,312,316,2023-11-21,SIVAGANGA,109,2024-06-30T00:00:00,6.19,3.0220275,385,378,303,306,3.3771756,2023-07-01T00:00:00,30.788800000000005,Adappadakki,"{""geodesic"":false,""type"":""Point"",""coordinates"":[78.76666464710257,10.16061959985488]}"
10_0,0.5,0.08217778,0.3,0.13,6.5,0.11333704,279,3.2,110,0.2754796,0.24,10.6,0.14372222,12.5,0.32024258,0.22666666,0.1474391642958457,0.5,26.929174,327,334,2023-12-29,SIVAGANGA,105,2024-06-30T00:00:00,6.65,3.0220275,388,381,285,286,2.079672,2023-07-01T00:00:00,30.788800000000005,Adappadakki,"{""geodesic"":false,""type"":""Point"",""coordinates"":[78.76882060378445,10.162506061951529]}"
11_0,0.15,0.12341091,0.6,0.33,4.7,0.16068363,388,2.2,55,0.3133909,0.36,8.5,0.20876546,10,0.3818891,0.30720183,-1.3913448201966996,0.4,256.16794,316,338,2023-12-13,SIVAGANGA,94,2024-06-30T00:00:00,9.08,3.2712557,375,357,310,305,3.873554,2023-07-01T00:00:00,30.954266666666673,Ammanpatti,"{""geodesic"":false,""type"":""Point"",""coordinates"":[78.56589118110186,9.980058227746854]}"
12_0,0.76,0.07022632,0.6,0.38,4.6,0.097445615,356,2.1,62,0.26086843,0.3,8.5,0.14329825,10,0.35422984,0.2544,-1.4704525936455586,0.4,243.7825,322,341,2023-12-13,SIVAGANGA,93,2024-06-30T00:00:00,7.23,3.2712557,380,366,298,293,2.0985024,2023-07-01T00:00:00,30.95326666666666,Ammanpatti,"{""geodesic"":false,""type"":""Point"",""coordinates"":[78.57128107280657,9.97574631438308]}"
13_0,0.5,0.062977195,0.7,0.3,6.6,0.08316316,450,2.6,103.7,0.22892456,0.27,8.3,0.10300526,12.5,0.28781754,0.19085789,0.8260032665526107,0.6,123.28837,333,348,2023-12-15,SIVAGANGA,93,2024-06-30T00:00:00,7.45,3.2712557,384,370,283,282,3.3758297,2023-07-01T00:00:00,30.95326666666666,Ammanpatti,"{""geodesic"":false,""type"":""Point"",""coordinates"":[78.57343702948846,9.976015808968317]}"
14_0,0.4,0.116467796,0.6,0.36,6.5,0.15163729,475,2.9,93.4,0.29690507,0.3,8.3,0.2039,12.5,0.36948982,0.29749322,1.7423083055642847,0.6,123.2886,303,324,2023-12-15,SIVAGANGA,91,2024-06-30T00:00:00,7.4,3.2712557,384,369,312,307,3.3758097,2023-07-01T00:00:00,30.9212,Ammanpatti,"{""geodesic"":false,""type"":""Point"",""coordinates"":[78.56885562153946,9.973320863115958]}"
15_0,0.5,0.07497193,0.7,0.41,6.2,0.09594912,438,2.6,96.8,0.2340842,0.24,8.3,0.1298772,17.5,0.30014387,0.21033509,-1.3619113275132628,0.5,90.0,322,337,2023-12-15,SIVAGANGA,96,2024-06-30T00:00:00,7.31,3.2712557,388,377,290,287,1.8828009,2023-07-01T00:00:00,30.954266666666673,Ammanpatti,"{""geodesic"":false,""type"":""Point"",""coordinates"":[78.57208955656228,9.979519238576383]}"
16_0,0.45,0.105059326,0.7,0.37,6.2,0.13240169,463,3.2,96.8,0.29372033,0.27,10.6,0.16135763,17.5,0.33725253,0.24659322,-1.4705608772630736,0.4,116.216125,345,354,2023-12-15,SIVAGANGA,97,2024-06-30T00:00:00,7.36,3.2712557,372,362,283,284,2.0986047,2023-07-01T00:00:00,30.947096774193557,Ammanpatti,"{""geodesic"":false,""type"":""Point"",""coordinates"":[78.58367782372743,9.995688913690534]}"
17_0,0.4,0.08485932,0.7,0.38,6.3,0.11630847,438,3,103.7,0.2620678,0.33,10.6,0.15486272,15,0.34573558,0.26472202,-1.818679271847342,0.4,251.82664,355,363,2023-12-15,SIVAGANGA,97,2024-06-30T00:00:00,7.45,3.2565026,379,369,265,268,2.9710796,2023-07-01T00:00:00,30.918969696969693,Ammanpatti,"{""geodesic"":false,""type"":""Point"",""coordinates"":[78.5887982208469,10.001078805395252]}"
18_0,0.45,0.0938644,0.6,0.49,6.1,0.117815256,438,2.9,93.4,0.27637628,0.24,8.3,0.14651017,15,0.3313678,0.23575424,-1.3620126219176605,0.4,90.0,344,352,2023-12-15,SIVAGANGA,95,2024-06-30T00:00:00,7.21,3.2712557,358,349,298,299,1.8828973,2023-07-01T00:00:00,30.95309090909091,Ammanpatti,"{""geodesic"":false,""type"":""Point"",""coordinates"":[78.5858337804093,9.996227902861007]}"
19_0,0.6,0.09662632,0.3,0.14,6.8,0.114361405,298,4.1,110,0.24297369,0.24,30,0.13049299,12.5,0.25947544,0.19456491,0.14805529057792519,0.4,153.0829,328,340,2023-11-03,SIVAGANGA,107,2024-06-30T00:00:00,6.3,3.267229,373,369,299,291,2.0794497,2023-07-01T00:00:00,30.898533333333337,Madaguppatti,"{""geodesic"":false,""type"":""Point"",""coordinates"":[78.53894172257827,9.994071946179119]}"
20_0,0.75,0.09662632,0.3,0.12,6.3,0.114361405,279,3.2,118,0.24297369,0.24,12.5,0.13049299,15,0.25947544,0.19456491,0.14805529057792519,0.5,153.0829,328,340,2023-11-03,SIVAGANGA,107,2024-06-30T00:00:00,7.2,3.267229,373,369,299,291,2.0794497,2023-07-01T00:00:00,30.898533333333337,Madaguppatti,"{""geodesic"":false,""type"":""Point"",""coordinates"":[78.53894172257827,9.994071946179119]}"
21_0,0.8,0.08134912,0.4,0.23,6.4,0.10420351,288,2.9,110,0.25610703,0.24,30,0.13829648,12.5,0.33375964,0.24088772,-0.6535652583192725,0.5,-0.0,318,332,2023-11-27,SIVAGANGA,107,2024-06-30T00:00:00,6.4,3.267229,376,365,306,303,1.8543341,2023-07-01T00:00:00,30.898533333333337,Madaguppatti,"{""geodesic"":false,""type"":""Point"",""coordinates"":[78.53975020633398,9.993802451593883]}"
22_0,0.25,0.08134912,0.3,0.06,6.5,0.10420351,279,2.9,100,0.25610703,0.27,10.6,0.13829648,10,0.33375964,0.24088772,-0.6535652583192725,0.5,-0.0,318,332,2023-10-31,SIVAGANGA,107,2024-06-30T00:00:00,7.6,3.267229,376,365,306,303,1.8543341,2023-07-01T00:00:00,30.898533333333337,Madaguppatti,"{""geodesic"":false,""type"":""Point"",""coordinates"":[78.53975020633398,9.993802451593883]}"
23_0,0.35,0.08134912,0.4,0.04,6.8,0.10420351,288,3.1,107,0.25610703,0.21,8.5,0.13829648,10,0.33375964,0.24088772,-0.6535652583192725,0.6,-0.0,318,332,2023-10-31,SIVAGANGA,107,2024-06-30T00:00:00,7.12,3.267229,376,365,306,303,1.8543341,2023-07-01T00:00:00,30.898533333333337,Madaguppatti,"{""geodesic"":false,""type"":""Point"",""coordinates"":[78.53975020633398,9.993802451593883]}"
24_0,0.45,0.08189802,0.7,0.22,6.3,0.10616238,356,2.6,89.9,0.27393663,0.3,15,0.12350693,12.5,0.29228118,0.20398217,-0.896644641643621,0.5,348.52335,293,316,2023-12-15,SIVAGANGA,99,2024-06-30T00:00:00,7.3,3.1272776,399,383,308,300,4.721353,2023-07-01T00:00:00,30.860129032258065,Karungalakudi,"{""geodesic"":false,""type"":""Point"",""coordinates"":[78.51684316658893,9.90810317348888]}"
25_0,0.55,0.07618515,0.7,0.2,6.3,0.106045544,365,2.6,93.4,0.27744257,0.33,10.6,0.12650496,12.5,0.2947109,0.20547524,-2.262741332068028,0.4,-0.0,293,316,2023-12-15,SIVAGANGA,102,2024-06-30T00:00:00,7.3,3.1272776,399,383,308,300,4.6273675,2023-07-01T00:00:00,30.860129032258065,Karungalakudi,"{""geodesic"":false,""type"":""Point"",""coordinates"":[78.51684316658893,9.907833678903645]}"
26_0,0.5,0.07617767,0.7,0.18,6.2,0.10199903,346,2.7,86.5,0.2819262,0.3,12.5,0.10880194,15,0.27076602,0.17863883,-1.346450573721026,0.4,-0.0,293,316,2023-12-15,SIVAGANGA,104,2024-06-30T00:00:00,7.2,3.1272776,399,383,308,300,1.8543341,2023-07-01T00:00:00,30.860129032258065,Karungalakudi,"{""geodesic"":false,""type"":""Point"",""coordinates"":[78.51684316658893,9.90756418431841]}"
27_0,0.5,0.08189802,0.8,0.23,7.7,0.10616238,337,3.4,97,0.27393663,0.21,12.5,0.12350693,7.5,0.29228118,0.20398217,-0.896644641643621,0.4,348.52335,293,316,2023-12-15,SIVAGANGA,99,2024-06-30T00:00:00,7.3,3.1272776,399,383,308,300,4.721353,2023-07-01T00:00:00,30.860129032258065,Karungalakudi,"{""geodesic"":false,""type"":""Point"",""coordinates"":[78.51684316658893,9.90810317348888]}"
28_0,0.5,0.08189802,0.8,0.2,7.9,0.10616238,308,3.2,97,0.27393663,0.21,10.6,0.12350693,10,0.29228118,0.20398217,-0.896644641643621,0.6,348.52335,293,316,2023-12-15,SIVAGANGA,99,2024-06-30T00:00:00,7.3,3.1272776,399,383,308,300,4.721353,2023-07-01T00:00:00,30.860129032258065,Karungalakudi,"{""geodesic"":false,""type"":""Point"",""coordinates"":[78.51684316658893,9.90810317348888]}"
29_0,0.6,0.063703276,0.4,0.13,6.4,0.08975246,317,2.9,100,0.28825575,0.3,12.5,0.08363279,12.5,0.22340491,0.14193934,3.403016439930082,0.4,243.80437,318,328,2023-11-07,SIVAGANGA,199,2024-06-30T00:00:00,7.8,3.698751,401,397,282,275,2.100129,2023-07-01T00:00:00,30.639625,Alagamanagari,"{""geodesic"":false,""type"":""Point"",""coordinates"":[78.38586879816431,10.284856603648608]}"
30_0,0.45,0.104219146,0.6,0.46,6.7,0.124506384,438,3.3,107.2,0.24521063,0.36,8.5,0.12940638,12.5,0.22670639,0.17202766,-0.6527613418965356,0.4,180.0,355,375,2023-12-18,SIVAGANGA,83,2024-06-30T00:00:00,7.83,2.877369,365,352,280,273,0.92740995,2023-07-01T00:00:00,30.679937500000005,Senthattiendal,"{""geodesic"":false,""type"":""Point"",""coordinates"":[78.3505650074984,9.723768877187556]}"
31_0,0.4,0.104219146,0.6,0.45,6.8,0.124506384,413,3.2,100.3,0.24521063,0.3,10.6,0.12940638,12.5,0.22670639,0.17202766,-0.6527613418965356,0.4,180.0,355,375,2023-12-18,SIVAGANGA,83,2024-06-30T00:00:00,7.66,2.877369,365,352,280,273,0.92740995,2023-07-01T00:00:00,30.679937500000005,Senthattiendal,"{""geodesic"":false,""type"":""Point"",""coordinates"":[78.3505650074984,9.723768877187556]}"
32_0,0.45,0.104219146,0.6,0.5,6.8,0.124506384,438,3.1,107.2,0.24521063,0.36,10.6,0.12940638,12.5,0.22670639,0.17202766,-0.6527613418965356,0.2,180.0,355,375,2023-12-18,SIVAGANGA,83,2024-06-30T00:00:00,7.6,2.877369,365,352,280,273,0.92740995,2023-07-01T00:00:00,30.679937500000005,Senthattiendal,"{""geodesic"":false,""type"":""Point"",""coordinates"":[78.3505650074984,9.723768877187556]}"
33_0,0.45,0.108134046,0.6,0.33,6.6,0.1280234,425,2.9,103.7,0.26396596,0.33,8.5,0.12943192,15,0.22378723,0.16686809,-1.4604081547139498,0.4,153.10185,355,375,2023-12-18,SIVAGANGA,83,2024-06-30T00:00:00,7.74,2.877369,365,352,280,273,2.0791008,2023-07-01T00:00:00,30.6853125,Senthattiendal,"{""geodesic"":false,""type"":""Point"",""coordinates"":[78.35083450208364,9.723768877187556]}"
34_0,0.5,0.155398,0.7,0.4,6.9,0.179778,327,4.2,128,0.28001,0.3,12.5,0.200588,10,0.30172,0.261254,-1.0065191562446683,0.4,225.41258,324,354,2023-12-29,SIVAGANGA,77,2024-06-30T00:00:00,8.8,2.8348057,389,371,287,275,1.3209842,2023-07-01T00:00:00,30.721999999999994,Kilangattur,"{""geodesic"":false,""type"":""Point"",""coordinates"":[78.45944081993369,9.700861837442508]}"
35_0,0.5,0.155398,0.8,0.5,6.7,0.179778,317,4.2,127,0.28001,0.27,12.5,0.200588,10,0.30172,0.261254,-1.0065191562446683,0.6,225.41258,324,354,2023-12-29,SIVAGANGA,77,2024-06-30T00:00:00,7.24,2.8348057,389,371,287,275,1.3209842,2023-07-01T00:00:00,30.721999999999994,Kilangattur,"{""geodesic"":false,""type"":""Point"",""coordinates"":[78.45944081993369,9.700861837442508]}"
36_0,0.7,0.155398,0.6,0.9,6.7,0.179778,327,4.2,128,0.28001,0.18,15,0.200588,12.5,0.30172,0.261254,-1.0065191562446683,0.5,225.41258,324,354,2023-12-26,SIVAGANGA,77,2024-06-30T00:00:00,7.86,2.8348057,389,371,287,275,1.3209842,2023-07-01T00:00:00,30.721999999999994,Kilangattur,"{""geodesic"":false,""type"":""Point"",""coordinates"":[78.45944081993369,9.700861837442508]}"
37_0,0.7,0.155398,0.7,0.52,6.7,0.179778,346,4.3,125,0.28001,0.21,15,0.200588,7.5,0.30172,0.261254,-1.0065191562446683,0.6,225.41258,324,354,2023-12-26,SIVAGANGA,77,2024-06-30T00:00:00,7.4,2.8348057,389,371,287,275,1.3209842,2023-07-01T00:00:00,30.721999999999994,Kilangattur,"{""geodesic"":false,""type"":""Point"",""coordinates"":[78.45944081993369,9.700861837442508]}"
38_0,0.4,0.155398,0.8,0.35,6.5,0.179778,288,4.2,118,0.28001,0.21,15,0.200588,10,0.30172,0.261254,-1.0065191562446683,0.5,225.41258,324,354,2023-12-26,SIVAGANGA,77,2024-06-30T00:00:00,7.6,2.8348057,389,371,287,275,1.3209842,2023-07-01T00:00:00,30.721999999999994,Kilangattur,"{""geodesic"":false,""type"":""Point"",""coordinates"":[78.45944081993369,9.700861837442508]}"
39_0,0.6,0.155398,0.6,0.37,6.8,0.179778,317,3.7,121,0.28001,0.18,12.5,0.200588,12.5,0.30172,0.261254,-1.0065191562446683,0.5,225.41258,324,354,2023-12-26,SIVAGANGA,77,2024-06-30T00:00:00,7.7,2.8348057,389,371,287,275,1.3209842,2023-07-01T00:00:00,30.721999999999994,Kilangattur,"{""geodesic"":false,""type"":""Point"",""coordinates"":[78.45944081993369,9.700861837442508]}"
40_0,0.6,0.155398,0.5,0.82,6.7,0.179778,346,3.6,107,0.28001,0.24,10.6,0.200588,10,0.30172,0.261254,-1.0065191562446683,0.5,225.41258,324,354,2023-12-26,SIVAGANGA,77,2024-06-30T00:00:00,8.17,2.8348057,389,371,287,275,1.3209842,2023-07-01T00:00:00,30.721999999999994,Kilangattur,"{""geodesic"":false,""type"":""Point"",""coordinates"":[78.45944081993369,9.700861837442508]}"
41_0,0.5,0.10733333,0.8,0.67,5.8,0.12325833,298,3,100,0.25716874,0.18,10.6,0.109422915,12.5,0.22756875,0.14800833,-1.468840909114018,0.5,63.761993,360,374,2023-12-26,SIVAGANGA,75,2024-06-30T00:00:00,8.19,2.9253547,367,360,273,266,2.09698,2023-07-01T00:00:00,30.654500000000006,Thamaraikudi,"{""geodesic"":false,""type"":""Point"",""coordinates"":[78.37266356348775,9.677146313941751]}"
42_0,0.5,0.10733333,0.6,0.17,5.7,0.12325833,298,2.6,104,0.25716874,0.15,10.6,0.109422915,7.5,0.22756875,0.14800833,-1.468840909114018,0.4,63.761993,360,374,2023-12-26,SIVAGANGA,75,2024-06-30T00:00:00,7.97,2.9253547,367,360,273,266,2.09698,2023-07-01T00:00:00,30.654500000000006,Thamaraikudi,"{""geodesic"":false,""type"":""Point"",""coordinates"":[78.37266356348775,9.677146313941751]}"
43_0,0.25,0.10733333,0.5,0.47,6.9,0.12325833,195,3.2,100,0.25716874,0.2,8.5,0.109422915,10,0.22756875,0.14800833,-1.468840909114018,0.5,63.761993,360,374,2023-12-29,SIVAGANGA,75,2024-06-30T00:00:00,7.2,2.9253547,367,360,273,266,2.09698,2023-07-01T00:00:00,30.654500000000006,Thamaraikudi,"{""geodesic"":false,""type"":""Point"",""coordinates"":[78.37266356348775,9.677146313941751]}"
44_0,0.1,0.10733333,0.6,0.47,6.8,0.12325833,205,3.2,107,0.25716874,0.18,8.5,0.109422915,10,0.22756875,0.14800833,-1.468840909114018,0.5,63.761993,360,374,2023-12-29,SIVAGANGA,75,2024-06-30T00:00:00,7.3,2.9253547,367,360,273,266,2.09698,2023-07-01T00:00:00,30.654500000000006,Thamaraikudi,"{""geodesic"":false,""type"":""Point"",""coordinates"":[78.37266356348775,9.677146313941751]}"
45_0,0.25,0.05561042,0.5,0.3,6.3,0.08051875,463,3.1,107,0.29222083,0.27,8.5,0.0655375,12.5,0.23529792,0.12361875,-0.652610285387467,0.5,-0.0,346,368,2023-12-29,SIVAGANGA,76,2024-06-30T00:00:00,7.7,2.9253547,379,369,275,263,0.92740995,2023-07-01T00:00:00,30.694124999999996,Thamaraikudi,"{""geodesic"":false,""type"":""Point"",""coordinates"":[78.35568540461789,9.672564905992743]}"
46_0,0.3,0.14313696,0.7,0.35,6.7,0.1570826,475,3.2,103,0.26189566,0.15,6.3,0.16262174,12.5,0.25906086,0.1963326,-1.699577827150363,0.6,225.41089,346,366,2023-12-29,SIVAGANGA,78,2024-06-30T00:00:00,7.64,2.9253547,366,355,288,279,2.640487,2023-07-01T00:00:00,30.726375000000008,Thamaraikudi,"{""geodesic"":false,""type"":""Point"",""coordinates"":[78.35379894252124,9.68118873272029]}"
47_0,0.7,0.14313696,0.2,0.26,6.9,0.1570826,260,3.6,103.7,0.26189566,0.18,10.625,0.16262174,6.25,0.25906086,0.1963326,-1.699577827150363,0.7,225.41089,346,366,2023-12-28,SIVAGANGA,78,2024-06-30T00:00:00,7.18,2.9253547,366,355,288,279,2.640487,2023-07-01T00:00:00,30.726375000000008,Thamaraikudi,"{""geodesic"":false,""type"":""Point"",""coordinates"":[78.35379894252124,9.68118873272029]}"
48_0,0.5,0.14313696,0,0.28,6.5,0.1570826,250,3.8,79.5,0.26189566,0.24,6.375,0.16262174,10,0.25906086,0.1963326,-1.699577827150363,0.5,225.41089,346,366,2023-12-28,SIVAGANGA,78,2024-06-30T00:00:00,7.1,2.9253547,366,355,288,279,2.640487,2023-07-01T00:00:00,30.726375000000008,Thamaraikudi,"{""geodesic"":false,""type"":""Point"",""coordinates"":[78.35379894252124,9.68118873272029]}"
49_0,0.5,0.12815,0.6,0.43,6,0.160826,425,2.8,103,0.251104,0.18,8.5,0.18234,10,0.288492,0.21011,-1.0065559857258959,0.4,134.58673,333,366,2023-12-29,SIVAGANGA,79,2024-06-30T00:00:00,8.88,2.8348057,379,356,288,279,1.3210003,2023-07-01T00:00:00,30.838187499999997,Soorakulam,"{""geodesic"":false,""type"":""Point"",""coordinates"":[78.46159677661558,9.708946674999583]}"
50_0,0.5,0.11655,0.6,0.33,6.9,0.135968,425,2.9,103,0.22076601,0.28,12.5,0.161632,10,0.31098,0.19490801,0.4854801259930271,0.4,153.10143,316,347,2023-12-29,SIVAGANGA,86,2024-06-30T00:00:00,7.08,2.8348057,389,379,294,274,2.079109,2023-07-01T00:00:00,30.946312499999998,Soorakulam,"{""geodesic"":false,""type"":""Point"",""coordinates"":[78.46510020622364,9.730236747233215]}"
51_0,0.7,0.14642,0.3,0.42,6.5,0.169104,438,3.7,93.4,0.303296,0.27,4.25,0.189048,10,0.347622,0.26199,0.04037478754757851,0.6,-0.0,350,360,2023-12-29,SIVAGANGA,76,2024-06-30T00:00:00,8.66,2.8348057,336,338,315,302,0.92740995,2023-07-01T00:00:00,30.951066666666666,Soorakulam,"{""geodesic"":false,""type"":""Point"",""coordinates"":[78.48315634343444,9.728350285136564]}"
52_0,0.5,0.142438,0.1,0.63,6.5,0.163384,450,3.5,79.5,0.323434,0.18,8.5,0.170782,8.75,0.313494,0.235094,-1.1123851372402502,0.5,341.31467,350,360,2023-12-29,SIVAGANGA,77,2024-06-30T00:00:00,8.3,2.8348057,336,338,315,302,2.9347217,2023-07-01T00:00:00,30.951066666666666,Soorakulam,"{""geodesic"":false,""type"":""Point"",""coordinates"":[78.48315634343444,9.72808079055133]}"
53_0,0.5,0.140652,0.6,0.38,6.6,0.161056,308,3.1,93,0.311742,0.24,12.5,0.177956,12.5,0.310282,0.23628,-1.3459178765312985,0.5,-0.0,350,360,2023-12-26,SIVAGANGA,79,2024-06-30T00:00:00,8,2.8348057,336,338,315,302,1.8543341,2023-07-01T00:00:00,30.951066666666666,Soorakulam,"{""geodesic"":false,""type"":""Point"",""coordinates"":[78.4828868488492,9.727811295966093]}"
54_0,0.5,0.100638,0.6,0.32,6.7,0.126012,327,3.1,114,0.270366,0.24,10.6,0.13532,15,0.251426,0.195272,-1.0065195173436696,0.5,225.4126,323,351,2023-12-26,SIVAGANGA,77,2024-06-30T00:00:00,7.35,2.8348057,385,370,292,279,1.3209847,2023-07-01T00:00:00,30.721999999999994,Soorakulam,"{""geodesic"":false,""type"":""Point"",""coordinates"":[78.45917132534845,9.701131332027744]}"
55_0,0.6,0.13376,0.5,0.22,5.8,0.163056,463,2.9,96,0.288946,0.15,10.6,0.19145,10,0.312942,0.254618,-1.345839747892289,0.4,-0.0,324,354,2023-12-29,SIVAGANGA,77,2024-06-30T00:00:00,7.33,2.8348057,389,371,287,275,1.8543341,2023-07-01T00:00:00,30.721999999999994,Soorakulam,"{""geodesic"":false,""type"":""Point"",""coordinates"":[78.45971031451893,9.700861837442508]}"
56_0,0.45,0.12513024,0.4,0.2,5,0.16933489,317,3,30.8,0.20940465,0.24,17.5,0.1716372,12.5,0.25449768,0.19225349,-1.699447235557931,0.4,314.59164,338,365,2023-11-28,SIVAGANGA,58,2024-06-30T00:00:00,8.6,2.6890728,350,330,312,305,2.6403687,2023-07-01T00:00:00,30.960857142857147,Melanettur,"{""geodesic"":false,""type"":""Point"",""coordinates"":[78.50956681278755,9.65127483375911]}"
57_0,0.4,0.07989111,0.3,0.2,5.2,0.10564,327,3,32.2,0.22794223,0.21,8.5,0.1263,17.5,0.3017911,0.22588444,-1.7654021864467175,0.3,270.0,346,366,2023-11-28,SIVAGANGA,55,2024-06-30T00:00:00,8.6,2.7114995,354,338,300,296,2.820123,2023-07-01T00:00:00,30.867945945945948,Melanettur,"{""geodesic"":false,""type"":""Point"",""coordinates"":[78.50956681278755,9.649118877077223]}"
58_0,0.6,0.14092621,0.1,0.35,6.7,0.17189515,438,3.6,89.9,0.32094076,0.27,10.625,0.20476893,6.25,0.36891165,0.3064,-2.0824558752687197,0.5,283.84616,331,329,2023-12-29,SIVAGANGA,40,2024-06-30T00:00:00,7.7,2.5448759,392,391,277,279,3.8697033,2023-07-01T00:00:00,30.848437500000003,Keelayur,"{""geodesic"":false,""type"":""Point"",""coordinates"":[78.61251374434765,9.62917627776977]}"
59_0,0.2,0.13008879,0.6,0.24,6.6,0.15242057,463,3.2,97,0.31008598,0.24,8.5,0.15139346,12.5,0.2737514,0.1985,1.4128076236057627,0.5,270.0,343,347,2023-12-29,SIVAGANGA,40,2024-06-30T00:00:00,8.35,2.5448759,391,388,266,266,0.9406443,2023-07-01T00:00:00,30.767870967741942,Keelayur,"{""geodesic"":false,""type"":""Point"",""coordinates"":[78.601464466353,9.62324739689458]}"
60_0,0.25,0.13008879,0.6,0.33,6.4,0.15242057,475,3.1,100,0.31008598,0.24,10.6,0.15139346,10,0.2737514,0.1985,1.4128076236057627,0.4,270.0,343,347,2023-12-29,SIVAGANGA,40,2024-06-30T00:00:00,8.3,2.5448759,391,388,266,266,0.9406443,2023-07-01T00:00:00,30.767870967741942,Keelayur,"{""geodesic"":false,""type"":""Point"",""coordinates"":[78.601464466353,9.62324739689458]}"
61_0,0.25,0.13008879,0.5,0.36,6.4,0.15242057,438,3.1,83,0.31008598,0.15,10.6,0.15139346,12.5,0.2737514,0.1985,1.4128076236057627,0.4,270.0,343,347,2023-12-29,SIVAGANGA,40,2024-06-30T00:00:00,8.2,2.5448759,391,388,266,266,0.9406443,2023-07-01T00:00:00,30.767870967741942,Keelayur,"{""geodesic"":false,""type"":""Point"",""coordinates"":[78.601464466353,9.62324739689458]}"
62_0,0.25,0.13008879,0.6,0.34,6.5,0.15242057,458,3,97,0.31008598,0.3,8.5,0.15139346,15,0.2737514,0.1985,1.4128076236057627,0.4,270.0,343,347,2023-12-29,SIVAGANGA,40,2024-06-30T00:00:00,8.3,2.5448759,391,388,266,266,0.9406443,2023-07-01T00:00:00,30.767870967741942,Keelayur,"{""geodesic"":false,""type"":""Point"",""coordinates"":[78.601464466353,9.62324739689458]}"
63_0,0.5,0.13008879,0.2,0.36,6.5,0.15242057,450,3.8,86.5,0.31008598,0.18,8.5,0.15139346,6.5,0.2737514,0.1985,1.4128076236057627,0.8,270.0,343,347,2023-12-29,SIVAGANGA,40,2024-06-30T00:00:00,7.9,2.5448759,391,388,266,266,0.9406443,2023-07-01T00:00:00,30.767870967741942,Keelayur,"{""geodesic"":false,""type"":""Point"",""coordinates"":[78.601464466353,9.62324739689458]}"
64_0,0.8,0.13008879,0.3,0.35,6.7,0.15242057,488,3.6,86.5,0.31008598,0.21,20,0.15139346,6.25,0.2737514,0.1985,1.4128076236057627,0.7,270.0,343,347,2023-12-29,SIVAGANGA,40,2024-06-30T00:00:00,7.8,2.5448759,391,388,266,266,0.9406443,2023-07-01T00:00:00,30.767870967741942,Keelayur,"{""geodesic"":false,""type"":""Point"",""coordinates"":[78.601464466353,9.62324739689458]}"
65_0,0.3,0.08557732,0.4,0.34,6.8,0.10632887,346,3.2,114,0.26281855,0.21,30,0.10800103,15,0.2815938,0.1821969,-1.359775725328435,0.5,90.0,340,347,2023-11-28,SIVAGANGA,43,2024-06-30T00:00:00,6.4,2.5448759,372,365,289,288,1.8807726,2023-07-01T00:00:00,30.826625000000003,Alavidangan,"{""geodesic"":false,""type"":""Point"",""coordinates"":[78.62005959273426,9.621630429383165]}"
66_0,0.5,0.09874555,0.4,0.19,7.1,0.11911089,346,3.2,100.3,0.29562476,0.24,30,0.112400986,15,0.24811187,0.15877129,-1.3456231855577314,0.4,-0.0,319,321,2023-11-28,SIVAGANGA,44,2024-06-30T00:00:00,6.3,2.5448759,388,386,293,293,1.8543341,2023-07-01T00:00:00,30.80025,Alavidangan,"{""geodesic"":false,""type"":""Point"",""coordinates"":[78.61844262522284,9.626481331917411]}"
67_0,0.5,0.14274852,0.2,0.6,6.7,0.15719108,280,3.5,100.3,0.31341484,0.27,14,0.16018614,8.75,0.26815742,0.20152575,-2.1532816301537485,0.5,333.10718,361,356,2023-12-28,SIVAGANGA,37,2024-06-30T00:00:00,6.6,2.5448759,357,352,283,292,4.152546,2023-07-01T00:00:00,30.906647058823523,N. Andakudi,"{""geodesic"":false,""type"":""Point"",""coordinates"":[78.6308393761437,9.646693425810101]}"
68_0,0.7,0.14274852,0.3,0.56,6.6,0.15719108,301,3.5,121,0.31341484,0.27,15,0.16018614,12.5,0.26815742,0.20152575,-2.1532816301537485,0.5,333.10718,361,356,2023-12-28,SIVAGANGA,37,2024-06-30T00:00:00,6.6,2.5448759,357,352,283,292,4.152546,2023-07-01T00:00:00,30.906647058823523,N. Andakudi,"{""geodesic"":false,""type"":""Point"",""coordinates"":[78.6308393761437,9.646693425810101]}"
69_0,0.6,0.13881359,0.3,0.59,6.9,0.16603203,311,3.8,100.3,0.29398933,0.27,12.5,0.20302427,12.5,0.35468933,0.29530582,-1.765285973869547,0.6,270.0,331,329,2023-12-28,SIVAGANGA,39,2024-06-30T00:00:00,6.7,2.5448759,392,391,277,279,2.8199584,2023-07-01T00:00:00,30.848437500000003,N. Andakudi,"{""geodesic"":false,""type"":""Point"",""coordinates"":[78.61251374434765,9.629445772355005]}"
74_0,0.2,0.0923,0.2,0.29,6.4,0.115773074,175,3.1,83,0.28446153,0.12,6.4,0.10888846,10,0.22306155,0.15696539,-0.6530281499487363,0.3,-0.0,379,400,2023-12-29,SIVAGANGA,109,2024-06-30T00:00:00,8.5,2.4952083,372,364,249,236,0.92740995,2023-07-01T00:00:00,30.57489473684212,Kaliyandur,"{""geodesic"":false,""type"":""Point"",""coordinates"":[78.23791627086982,9.815397036167747]}"
75_0,0.35,0.08763077,0.2,0.39,7.4,0.10970385,185,2.9,97,0.26794615,0.21,6.4,0.106992304,12.5,0.22073847,0.15979615,-1.4607310859824427,0.6,206.90446,379,400,2023-12-29,SIVAGANGA,109,2024-06-30T00:00:00,8.9,2.4952083,372,364,249,236,2.0792174,2023-07-01T00:00:00,30.57489473684212,Kaliyandur,"{""geodesic"":false,""type"":""Point"",""coordinates"":[78.23791627086982,9.81512754158251]}"
76_0,0.1,0.08475769,0.3,0.42,9.3,0.110042304,475,2.9,90,0.2934154,0.21,6.4,0.10195,12.5,0.22334231,0.1522,5.927514175916773,0.4,26.904509,379,400,2023-12-29,SIVAGANGA,109,2024-06-30T00:00:00,8.8,2.4952083,372,364,249,236,2.0792181,2023-07-01T00:00:00,30.628999999999994,Kaliyandur,"{""geodesic"":false,""type"":""Point"",""coordinates"":[78.23629930335841,9.815666530752983]}"
77_0,0.4,0.08475769,0.3,0.16,8,0.110042304,250,2.9,90,0.2934154,0.18,10.6,0.10195,15,0.22334231,0.1522,5.927514175916773,0.4,26.904509,379,400,2023-11-16,SIVAGANGA,109,2024-06-30T00:00:00,8,2.4952083,372,364,249,236,2.0792181,2023-07-01T00:00:00,30.628999999999994,Kaliyandur,"{""geodesic"":false,""type"":""Point"",""coordinates"":[78.23629930335841,9.815666530752983]}"
78_0,0.4,0.08475769,0.4,0.22,6.6,0.110042304,337,3,87,0.2934154,0.18,8.5,0.10195,10,0.22334231,0.1522,5.927514175916773,0.4,26.904509,379,400,2023-11-21,SIVAGANGA,109,2024-06-30T00:00:00,8.29,2.4952083,372,364,249,236,2.0792181,2023-07-01T00:00:00,30.628999999999994,Kaliyandur,"{""geodesic"":false,""type"":""Point"",""coordinates"":[78.23629930335841,9.815666530752983]}"
79_0,0.35,0.049013462,0.3,0.33,5,0.07641538,375,2.9,79.5,0.28692114,0.24,10.6,0.06643269,10,0.19594808,0.122575,-1.4695775277211933,0.3,296.2286,353,361,2023-11-28,SIVAGANGA,108,2024-06-30T00:00:00,8.6,2.699814,385,375,262,264,2.0976763,2023-07-01T00:00:00,30.568580645161287,Ladanendal,"{""geodesic"":false,""type"":""Point"",""coordinates"":[78.2791489424109,9.81512754158251]}"
80_0,0.35,0.05235192,0.3,0.21,4.9,0.06886538,400,2.9,76.1,0.26895577,0.27,10.6,0.05582692,10,0.1977,0.12402308,-1.4607217414538431,0.4,206.9043,358,372,2023-11-28,SIVAGANGA,109,2024-06-30T00:00:00,8.5,2.699814,382,369,260,259,2.079214,2023-07-01T00:00:00,30.568580645161287,Ladanendal,"{""geodesic"":false,""type"":""Point"",""coordinates"":[78.2821133828485,9.812432595730153]}"
81_0,0.15,0.062515385,0.3,0.36,4.7,0.09019039,388,2.7,80,0.28137115,0.15,8.5,0.09227308,5,0.22682308,0.14663269,-1.8175930837569327,0.3,251.81685,358,372,2023-11-20,SIVAGANGA,105,2024-06-30T00:00:00,8.6,2.699814,382,369,260,259,5.9232044,2023-07-01T00:00:00,30.568580645161287,Ladanendal,"{""geodesic"":false,""type"":""Point"",""coordinates"":[78.28184388826327,9.81189360655968]}"
82_0,0.2,0.062515385,0.3,0.36,4.6,0.09019039,365,2.6,80,0.28137115,0.18,10.6,0.09227308,5,0.22682308,0.14663269,-1.8175930837569327,0.3,251.81685,358,372,2023-11-20,SIVAGANGA,105,2024-06-30T00:00:00,8.6,2.699814,382,369,260,259,5.9232044,2023-07-01T00:00:00,30.568580645161287,Ladanendal,"{""geodesic"":false,""type"":""Point"",""coordinates"":[78.28184388826327,9.81189360655968]}"
83_0,0.15,0.062515385,0.3,0.37,4.5,0.09019039,279,2.7,66,0.28137115,0.15,6.3,0.09227308,5,0.22682308,0.14663269,-1.8175930837569327,0.3,251.81685,358,372,2023-11-20,SIVAGANGA,105,2024-06-30T00:00:00,8.5,2.699814,382,369,260,259,5.9232044,2023-07-01T00:00:00,30.568580645161287,Ladanendal,"{""geodesic"":false,""type"":""Point"",""coordinates"":[78.28184388826327,9.81189360655968]}"
84_0,0.25,0.049444232,0.3,0.27,7.1,0.07605962,400,3.8,97,0.27658463,0.21,17.5,0.07366539,7.5,0.20537308,0.13679808,-1.7001731424902686,0.5,134.5777,356,370,2023-11-16,SIVAGANGA,107,2024-06-30T00:00:00,8.8,2.699814,382,369,263,261,2.6410196,2023-07-01T00:00:00,30.568580645161287,Ladanendal,"{""geodesic"":false,""type"":""Point"",""coordinates"":[78.28076590992232,9.813780068656332]}"
85_0,0.3,0.080678,0.3,0.33,6.6,0.096122,400,2.9,73,0.25506,0.09,17.5,0.08582,7.5,0.202308,0.126112,-1.7001289430723023,0.5,45.421482,359,372,2023-11-16,SIVAGANGA,100,2024-06-30T00:00:00,8.7,2.699814,352,338,289,289,2.6409814,2023-07-01T00:00:00,30.550709677419352,Ladanendal,"{""geodesic"":false,""type"":""Point"",""coordinates"":[78.28265237201897,9.804347758173076]}"
86_0,0.3,0.127662,0.3,0.36,6.7,0.137356,400,3,100,0.229894,0.12,15,0.141734,5,0.22591001,0.169092,-1.1244022684424808,0.5,71.81647,355,377,2023-11-16,SIVAGANGA,102,2024-06-30T00:00:00,8.7,2.699814,366,347,278,276,2.9694757,2023-07-01T00:00:00,30.550709677419352,Ladanendal,"{""geodesic"":false,""type"":""Point"",""coordinates"":[78.28103540450755,9.804347758173076]}"
87_0,0.1,0.06039423,0.3,0.28,6.9,0.07539616,317,3.2,70,0.24345192,0.15,4.2,0.056938462,12.5,0.16746731,0.09901923,-1.0070211920096028,0.5,225.42227,356,370,2023-11-16,SIVAGANGA,105,2024-06-30T00:00:00,8.07,2.699814,382,369,263,261,1.321211,2023-07-01T00:00:00,30.568580645161287,Ladanendal,"{""geodesic"":false,""type"":""Point"",""coordinates"":[78.27887944782567,9.813510574071096]}"
88_0,0.4,0.04046154,0.4,0.41,7.1,0.059878845,375,3.3,80,0.28306347,0.24,10.6,0.04133077,5,0.17349616,0.090371154,-0.6677721864492292,0.8,270.0,358,372,2023-11-16,SIVAGANGA,109,2024-06-30T00:00:00,8.5,2.699814,382,369,260,259,0.94118255,2023-07-01T00:00:00,30.568580645161287,Ladanendal,"{""geodesic"":false,""type"":""Point"",""coordinates"":[78.2821133828485,9.814858046997275]}"
89_0,0.1,0.03890192,0.2,0.41,7,0.05888269,425,3.4,76,0.2535481,0.33,4.3,0.044140384,7.5,0.14126924,0.076759614,-1.4695753920399401,0.6,116.22866,356,370,2023-11-16,SIVAGANGA,108,2024-06-30T00:00:00,8.4,2.699814,382,369,263,261,2.0976737,2023-07-01T00:00:00,30.568580645161287,Ladanendal,"{""geodesic"":false,""type"":""Point"",""coordinates"":[78.28076590992232,9.814319057826802]}"
90_0,0.5,0.07514615,0.4,0.33,5.8,0.09581346,250,2.6,87,0.31038076,0.18,8.5,0.0828,12.5,0.20738077,0.12984616,-2.0835291406538783,0.2,256.1613,353,361,2023-11-24,SIVAGANGA,110,2024-06-30T00:00:00,7.86,2.699814,385,375,262,264,3.871731,2023-07-01T00:00:00,30.568580645161287,Ladanendal,"{""geodesic"":false,""type"":""Point"",""coordinates"":[78.27941843699614,9.815666530752983]}"
91_0,0.5,0.043184616,0.4,0.35,5.9,0.06554039,250,2.5,87,0.27266923,0.18,10.6,0.059509616,10,0.1848173,0.1116,-1.4695740269166855,0.3,243.7713,358,372,2023-11-24,SIVAGANGA,108,2024-06-30T00:00:00,7.73,2.699814,382,369,260,259,2.0976708,2023-07-01T00:00:00,30.568580645161287,Ladanendal,"{""geodesic"":false,""type"":""Point"",""coordinates"":[78.28184388826327,9.813780068656332]}"
92_0,0.4,0.043184616,0.4,0.33,5.6,0.06554039,235,2.6,87,0.27266923,0.21,8.5,0.059509616,12.5,0.1848173,0.1116,-1.4695740269166855,0.3,243.7713,358,372,2023-11-24,SIVAGANGA,108,2024-06-30T00:00:00,8.04,2.699814,382,369,260,259,2.0976708,2023-07-01T00:00:00,30.568580645161287,Ladanendal,"{""geodesic"":false,""type"":""Point"",""coordinates"":[78.28184388826327,9.813780068656332]}"
93_0,0.4,0.04054423,0.3,0.4,5.5,0.06319615,250,2.4,83,0.27495,0.21,8.5,0.045738462,12.5,0.15271154,0.08574039,0.9416660821658219,0.4,90.0,356,370,2023-11-24,SIVAGANGA,108,2024-06-30T00:00:00,8.01,2.699814,382,369,263,261,0.9411817,2023-07-01T00:00:00,30.542121212121213,Ladanendal,"{""geodesic"":false,""type"":""Point"",""coordinates"":[78.27887944782567,9.814319057826802]}"
94_0,0.3,0.070282,0.2,0.5,5.8,0.092432,346,3.1,73,0.224996,0.12,10.6,0.101584,12.5,0.21318,0.167222,-1.7513175716692149,0.5,180.0,352,376,2023-11-23,SIVAGANGA,88,2024-06-30T00:00:00,9,2.4236603,400,379,248,245,2.7802885,2023-07-01T00:00:00,30.785882352941176,Veeranendal,"{""geodesic"":false,""type"":""Point"",""coordinates"":[78.27968793158138,9.705173750806281]}"
95_0,0.3,0.07132,0.3,0.35,5.6,0.093332,215,3,76,0.26354,0.09,10.6,0.083922,12.5,0.19778,0.132512,1.9122454677626313,0.5,-0.0,352,376,2023-11-23,SIVAGANGA,90,2024-06-30T00:00:00,9.1,2.4236603,400,379,248,245,1.8543341,2023-07-01T00:00:00,30.841500000000003,Veeranendal,"{""geodesic"":false,""type"":""Point"",""coordinates"":[78.27807096406995,9.704365267050573]}"
96_0,0.1,0.106196,0.4,0.5,7.3,0.124192,488,3.5,107,0.24147199,0.09,22.5,0.124976,5,0.202528,0.150048,0.3224082547119674,0.6,243.76846,363,378,2023-11-16,SIVAGANGA,97,2024-06-30T00:00:00,9.1,2.4217052,375,368,262,253,2.0974605,2023-07-01T00:00:00,30.653393939393943,Melarangiam,"{""geodesic"":false,""type"":""Point"",""coordinates"":[78.23872475462552,9.772547397115245]}"
97_0,0.25,0.07543704,0.4,0.2,7.3,0.09726296,195,3.4,100,0.22413333,0.24,30,0.10260741,10,0.20581111,0.15160741,-1.57871188511207,0.4,233.53316,366,392,2023-12-20,SIVAGANGA,104,2024-06-30T00:00:00,5.7,2.4217052,374,370,260,238,4.671104,2023-07-01T00:00:00,30.58188235294118,Melarangiam,"{""geodesic"":false,""type"":""Point"",""coordinates"":[78.23872475462552,9.795454436860293]}"
98_0,0.25,0.07306154,0.4,0.2,7.3,0.099992305,175,3.4,110,0.27938846,0.24,20,0.10529616,7.5,0.26756153,0.17807308,-1.8057396266250478,0.4,198.68866,376,399,2023-12-20,SIVAGANGA,103,2024-06-30T00:00:00,5.7,2.4217052,371,365,253,236,2.934779,2023-07-01T00:00:00,30.584799999999994,Melarangiam,"{""geodesic"":false,""type"":""Point"",""coordinates"":[78.23764677628458,9.791412018081756]}"
99_0,0.3,0.07306154,0.4,0.2,7.3,0.099992305,215,3.3,110,0.27938846,0.24,30,0.10529616,10,0.26756153,0.17807308,-1.8057396266250478,0.5,198.68866,376,399,2023-12-20,SIVAGANGA,103,2024-06-30T00:00:00,5.7,2.4217052,371,365,253,236,2.934779,2023-07-01T00:00:00,30.584799999999994,Melarangiam,"{""geodesic"":false,""type"":""Point"",""coordinates"":[78.23764677628458,9.791412018081756]}"
100_0,0.25,0.09808461,0.5,0.26,6,0.11655384,346,3.2,80,0.34517694,0.12,6.3,0.09777115,10,0.23230384,0.14904615,-2.427353924843507,0.5,239.41145,343,358,2023-11-22,SIVAGANGA,121,2024-06-30T00:00:00,8.3,2.6187088,392,386,264,255,5.451442,2023-07-01T00:00:00,30.658529411764707,Manalur,"{""geodesic"":false,""type"":""Point"",""coordinates"":[78.20638540439722,9.864984039851144]}"
101_0,0.2,0.09808461,0.5,0.26,5.8,0.11655384,365,4.2,83,0.34517694,0.12,10.6,0.09777115,10,0.23230384,0.14904615,-2.427353924843507,0.4,239.41145,343,358,2023-11-22,SIVAGANGA,121,2024-06-30T00:00:00,8.2,2.6187088,392,386,264,255,5.451442,2023-07-01T00:00:00,30.658529411764707,Manalur,"{""geodesic"":false,""type"":""Point"",""coordinates"":[78.20638540439722,9.864984039851144]}"
102_0,0.3,0.10748654,0.4,0.23,5.2,0.12875962,308,2.6,69,0.3334423,0.15,6.3,0.11248269,17.5,0.24306346,0.1583577,-1.8059798542395358,0.4,198.6925,343,358,2023-11-20,SIVAGANGA,118,2024-06-30T00:00:00,8.48,2.6187088,392,386,264,255,2.9348457,2023-07-01T00:00:00,30.64923529411764,Manalur,"{""geodesic"":false,""type"":""Point"",""coordinates"":[78.20611590981198,9.864714545265908]}"
104_0,0.25,0.09234,0.6,0.57,6.1,0.119912,225,2.8,52,0.307328,0.15,10.6,0.119972,12.5,0.258572,0.177978,2.1313537072153284,0.4,-0.0,323,344,2023-12-20,SIVAGANGA,96,2024-06-30T00:00:00,8.39,2.6314178,398,389,280,267,0.0,2023-07-01T00:00:00,30.57533333333334,S.Vagaikulam,"{""geodesic"":false,""type"":""Point"",""coordinates"":[78.28130489909279,9.772547397115245]}"
105_0,0.3,0.090854,0.2,0.57,6,0.115398,288,3.2,86,0.283676,0.45,12.5,0.114468,15,0.241564,0.168466,-0.6675192031474857,0.4,270.0,323,344,2023-12-20,SIVAGANGA,96,2024-06-30T00:00:00,8.5,2.6314178,398,389,280,267,0.94106287,2023-07-01T00:00:00,30.57533333333334,S.Vagaikulam,"{""geodesic"":false,""type"":""Point"",""coordinates"":[78.28103540450755,9.772547397115245]}"
106_0,0.45,0.095056,0.8,0.39,5.9,0.12204,375,3.2,65.7,0.29774,0.33,8.5,0.122758,15,0.248432,0.17106,-1.0068382296183618,0.4,314.58124,323,344,2023-12-16,SIVAGANGA,96,2024-06-30T00:00:00,8.55,2.6314178,398,389,280,267,1.3211286,2023-07-01T00:00:00,30.57533333333334,S.Vagaikulam,"{""geodesic"":false,""type"":""Point"",""coordinates"":[78.28103540450755,9.772816891700481]}"
107_0,0.45,0.090854,0.8,0.42,5.9,0.115398,388,3.1,62.2,0.283676,0.36,8.5,0.114468,12.5,0.241564,0.168466,-0.6675192031474857,0.4,270.0,323,344,2023-12-16,SIVAGANGA,96,2024-06-30T00:00:00,8.57,2.6314178,398,389,280,267,0.94106287,2023-07-01T00:00:00,30.57533333333334,S.Vagaikulam,"{""geodesic"":false,""type"":""Point"",""coordinates"":[78.28103540450755,9.772547397115245]}"
108_0,0.5,0.090854,0.7,0.35,5.9,0.115398,365,2.9,65.7,0.283676,0.36,8.5,0.114468,15,0.241564,0.168466,-0.6675192031474857,0.3,270.0,323,344,2023-12-16,SIVAGANGA,96,2024-06-30T00:00:00,8.3,2.6314178,398,389,280,267,0.94106287,2023-07-01T00:00:00,30.57533333333334,S.Vagaikulam,"{""geodesic"":false,""type"":""Point"",""coordinates"":[78.28103540450755,9.772547397115245]}"
109_0,0.45,0.09234,0.8,0.39,5.9,0.119912,388,2.7,69.2,0.307328,0.27,6.3,0.119972,12.5,0.258572,0.177978,2.1313537072153284,0.4,-0.0,323,344,2023-12-16,SIVAGANGA,96,2024-06-30T00:00:00,8.21,2.6314178,398,389,280,267,0.0,2023-07-01T00:00:00,30.57533333333334,S.Vagaikulam,"{""geodesic"":false,""type"":""Point"",""coordinates"":[78.28130489909279,9.772547397115245]}"
110_0,0.55,0.09234,0.8,0.36,5.8,0.119912,365,2.6,65.7,0.307328,0.3,6.3,0.119972,15,0.258572,0.177978,2.1313537072153284,0.4,-0.0,323,344,2023-12-16,SIVAGANGA,96,2024-06-30T00:00:00,8.29,2.6314178,398,389,280,267,0.0,2023-07-01T00:00:00,30.57533333333334,S.Vagaikulam,"{""geodesic"":false,""type"":""Point"",""coordinates"":[78.28130489909279,9.772547397115245]}"
111_0,0.4,0.09234,0.8,0.46,5.8,0.119912,375,3.3,65.7,0.307328,0.3,8.5,0.119972,15,0.258572,0.177978,2.1313537072153284,0.4,-0.0,323,344,2023-12-16,SIVAGANGA,96,2024-06-30T00:00:00,8.44,2.6314178,398,389,280,267,0.0,2023-07-01T00:00:00,30.57533333333334,S.Vagaikulam,"{""geodesic"":false,""type"":""Point"",""coordinates"":[78.28130489909279,9.772547397115245]}"
112_0,0.5,0.090854,0.8,0.51,6.1,0.115398,356,3.1,62.2,0.283676,0.36,6.3,0.114468,15,0.241564,0.168466,-0.6675192031474857,0.4,270.0,323,344,2023-12-16,SIVAGANGA,96,2024-06-30T00:00:00,8.53,2.6314178,398,389,280,267,0.94106287,2023-07-01T00:00:00,30.57533333333334,S.Vagaikulam,"{""geodesic"":false,""type"":""Point"",""coordinates"":[78.28103540450755,9.772547397115245]}"
113_0,0.45,0.090854,0.7,0.37,5.9,0.115398,388,2.9,72.6,0.283676,0.36,10.6,0.114468,15,0.241564,0.168466,-0.6675192031474857,0.4,270.0,323,344,2023-12-16,SIVAGANGA,96,2024-06-30T00:00:00,8.3,2.6314178,398,389,280,267,0.94106287,2023-07-01T00:00:00,30.57533333333334,S.Vagaikulam,"{""geodesic"":false,""type"":""Point"",""coordinates"":[78.28103540450755,9.772547397115245]}"
114_0,0.6,0.080233335,0.8,0.42,5.5,0.10345614,346,2.7,86,0.26043683,0.15,10.6,0.11722632,7.5,0.27946666,0.20509824,-1.0080554606483634,0.6,45.44218,338,352,2023-12-20,SIVAGANGA,103,2024-06-30T00:00:00,7.99,3.2898345,383,381,279,267,1.3216769,2023-07-01T00:00:00,30.76230303030303,Eriyur,"{""geodesic"":false,""type"":""Point"",""coordinates"":[78.52681446624266,10.041233498595394]}"
115_0,0.6,0.080233335,0.8,0.4,5.4,0.10345614,346,2.7,86,0.26043683,0.15,10.6,0.11722632,7.5,0.27946666,0.20509824,-1.0080554606483634,0.6,45.44218,338,352,2023-12-20,SIVAGANGA,103,2024-06-30T00:00:00,7.98,3.2898345,383,381,279,267,1.3216769,2023-07-01T00:00:00,30.76230303030303,Eriyur,"{""geodesic"":false,""type"":""Point"",""coordinates"":[78.52681446624266,10.041233498595394]}"
116_0,0.5,0.091012284,0.8,0.45,5.5,0.11737544,327,2.7,96,0.2592123,0.18,10.6,0.1413807,7.5,0.30846316,0.23626316,-2.055437926906099,0.5,90.0,338,352,2023-12-19,SIVAGANGA,103,2024-06-30T00:00:00,7.98,3.2898345,383,381,279,267,3.7622602,2023-07-01T00:00:00,30.76230303030303,Eriyur,"{""geodesic"":false,""type"":""Point"",""coordinates"":[78.52681446624266,10.04150299318063]}"
117_0,0.6,0.107387275,0.5,0.42,5.5,0.13048728,327,2.9,96,0.27614546,0.18,8.5,0.15720727,10,0.29936728,0.21690364,0.4448920660491872,0.6,180.0,336,335,2023-12-19,SIVAGANGA,111,2024-06-30T00:00:00,7.96,3.2898345,379,384,285,281,0.92740995,2023-07-01T00:00:00,30.72254545454545,Eriyur,"{""geodesic"":false,""type"":""Point"",""coordinates"":[78.51872962868558,10.044736928203461]}"
118_0,0.4,0.080233335,0.9,0.42,7,0.10345614,235,4.1,90,0.26043683,0.15,6.3,0.11722632,10,0.27946666,0.20509824,-1.0080554606483634,0.5,45.44218,338,352,2023-12-17,SIVAGANGA,103,2024-06-30T00:00:00,8.57,3.2898345,383,381,279,267,1.3216769,2023-07-01T00:00:00,30.76230303030303,Eriyur,"{""geodesic"":false,""type"":""Point"",""coordinates"":[78.52681446624266,10.041233498595394]}"
119_0,0.2,0.07422807,0.7,0.45,7.4,0.094350874,337,4.8,79,0.25068244,0.3,10.6,0.102354385,10,0.23908246,0.16609474,0.39992961064167437,0.6,283.82874,337,341,2023-12-17,SIVAGANGA,99,2024-06-30T00:00:00,7.95,3.3736076,371,362,292,297,3.874465,2023-07-01T00:00:00,30.837419354838712,Eriyur,"{""geodesic"":false,""type"":""Point"",""coordinates"":[78.54028919550444,10.061176097902848]}"
120_0,0.5,0.14672333,0.3,0.3,6.3,0.160215,288,3.1,104,0.26454166,0.24,15,0.19558333,15,0.3204,0.25887334,-0.8495258392313731,0.4,236.73602,296,286,2023-11-07,SIVAGANGA,206,2024-06-30T00:00:00,7,3.698751,392,394,312,320,3.3780153,2023-07-01T00:00:00,30.61703030303031,Piranpatti,"{""geodesic"":false,""type"":""Point"",""coordinates"":[78.38640778733478,10.273807325653939]}"
121_0,0.6,0.153725,0.4,0.08,6.4,0.170545,327,2.7,100,0.28921166,0.3,12.5,0.19671333,10,0.33646333,0.258665,0.49523878455503,0.4,341.28546,296,286,2023-11-06,SIVAGANGA,207,2024-06-30T00:00:00,7.4,3.698751,392,394,312,320,2.9352272,2023-07-01T00:00:00,30.61703030303031,Piranpatti,"{""geodesic"":false,""type"":""Point"",""coordinates"":[78.38613829274954,10.273268336483467]}"
122_0,0,0.11455738,0.4,0.09,6.1,0.1354918,288,3.1,111,0.2843836,0.24,10.6,0.15343606,10,0.27032295,0.19671148,2.483693252523737,0.5,108.157974,311,328,2023-11-06,SIVAGANGA,221,2024-06-30T00:00:00,7.7,3.6589973,401,395,288,277,2.9735081,2023-07-01T00:00:00,30.653437500000003,Piranpatti,"{""geodesic"":false,""type"":""Point"",""coordinates"":[78.41147078376171,10.291324473694269]}"
123_0,0.3,0.046168853,0.1,0.06,3.9,0.06930656,288,2.8,83,0.2770623,0.21,12.6,0.08021639,4.6,0.2607574,0.17786722,-1.009236051279586,0.2,45.46487,310,319,2023-11-02,SIVAGANGA,217,2024-06-30T00:00:00,6.87,3.6589973,395,394,296,287,1.3222085,2023-07-01T00:00:00,30.680666666666657,Piranpatti,"{""geodesic"":false,""type"":""Point"",""coordinates"":[78.40176897869321,10.294288914131863]}"
124_0,0.1,0.15206102,0.4,0.03,6.6,0.16399322,245,3.4,103.5,0.24506271,0.24,30,0.17155594,15,0.2636661,0.21675254,-1.075031193115984,0.8,90.0,368,381,2023-10-16,SIVAGANGA,109,2024-06-30T00:00:00,5.3,3.331432,383,383,249,236,2.8240697,2023-07-01T00:00:00,30.68275,A.Melaiyur,"{""geodesic"":false,""type"":""Point"",""coordinates"":[78.55322493559576,10.109954617830537]}"
125_0,0.1,0.15206102,0.4,0.04,6.4,0.16399322,250,3.3,100,0.24506271,0.27,30,0.17155594,15,0.2636661,0.21675254,-1.075031193115984,0.7,90.0,368,381,2023-10-16,SIVAGANGA,109,2024-06-30T00:00:00,5.42,3.331432,383,383,249,236,2.8240697,2023-07-01T00:00:00,30.68275,A.Melaiyur,"{""geodesic"":false,""type"":""Point"",""coordinates"":[78.55322493559576,10.109954617830537]}"
126_0,0,0.15206102,0.4,0.05,6.5,0.16399322,205,3.5,96.8,0.24506271,0.27,20,0.17155594,15,0.2636661,0.21675254,-1.075031193115984,0.7,90.0,368,381,2023-10-16,SIVAGANGA,109,2024-06-30T00:00:00,5.18,3.331432,383,383,249,236,2.8240697,2023-07-01T00:00:00,30.68275,A.Melaiyur,"{""geodesic"":false,""type"":""Point"",""coordinates"":[78.55322493559576,10.109954617830537]}"
127_0,0.1,0.15206102,0.4,0.03,6.5,0.16399322,205,3.5,96.8,0.24506271,0.3,20,0.17155594,15,0.2636661,0.21675254,-1.075031193115984,0.7,90.0,368,381,2023-10-16,SIVAGANGA,109,2024-06-30T00:00:00,5.06,3.331432,383,383,249,236,2.8240697,2023-07-01T00:00:00,30.68275,A.Melaiyur,"{""geodesic"":false,""type"":""Point"",""coordinates"":[78.55322493559576,10.109954617830537]}"
128_0,0.5,0.11228125,0.3,0.47,7,0.13720626,308,3.2,114,0.30629998,0.24,10.6,0.13952708,10,0.27844584,0.19974166,-1.3458711312231015,0.4,180.0,335,348,2023-10-27,SIVAGANGA,77,2024-06-30T00:00:00,6.6,2.844639,372,374,293,278,1.8543341,2023-07-01T00:00:00,30.701999999999995,A.Melaiyur,"{""geodesic"":false,""type"":""Point"",""coordinates"":[78.4257539967792,9.711641620851942]}"
129_0,0.7,0.13962223,0.4,0.41,6.8,0.17140222,288,3.2,117,0.27480668,0.3,15,0.20481777,15,0.31921557,0.28474668,-1.9458257086550754,0.5,163.83484,355,362,2023-10-27,SIVAGANGA,76,2024-06-30T00:00:00,6.7,2.877369,353,356,292,282,6.72859,2023-07-01T00:00:00,30.584838709677424,A.Melaiyur,"{""geodesic"":false,""type"":""Point"",""coordinates"":[78.39152818445426,9.710833137096234]}"
130_0,0.6,0.13962223,0.4,0.36,7.1,0.17140222,288,3.2,110,0.27480668,0.24,10.6,0.20481777,12.5,0.31921557,0.28474668,-1.9458257086550754,0.6,163.83484,355,362,2023-10-27,SIVAGANGA,76,2024-06-30T00:00:00,6.7,2.877369,353,356,292,282,6.72859,2023-07-01T00:00:00,30.584838709677424,A.Melaiyur,"{""geodesic"":false,""type"":""Point"",""coordinates"":[78.39152818445426,9.710833137096234]}"
131_0,0.3,0.10033397,0.1,0.06,3.9,0.116732076,288,2.8,83,0.27072453,0.21,12.6,0.11929245,4.6,0.2671698,0.18821509,4.934228131909702,0.2,225.45175,352,341,2023-11-02,SIVAGANGA,130,2024-06-30T00:00:00,6.87,3.4711432,370,377,278,282,1.3219011,2023-07-01T00:00:00,30.643090909090912,A.Melaiyur,"{""geodesic"":false,""type"":""Point"",""coordinates"":[78.49609208352577,10.148492343519266]}"
132_0,0.7,0.083475,0.4,0.2,7,0.11408125,205,3.2,110,0.31102082,0.3,30,0.13153334,10,0.32082707,0.2392125,1.529890111187257,0.5,90.0,359,373,2023-10-17,SIVAGANGA,59,2024-06-30T00:00:00,5.51,2.7921734,359,351,281,276,1.8814427,2023-07-01T00:00:00,30.885800000000007,A. Kalappur,"{""geodesic"":false,""type"":""Point"",""coordinates"":[78.54945201140247,9.741286025227886]}"
133_0,0.3,0.08799149,0.1,0.78,3.5,0.11633617,135,2.4,114.5,0.26671064,0.24,22.1,0.1259915,2.2,0.28046596,0.20128936,-0.14835983443412062,0.2,145.91832,333,371,2023-10-18,SIVAGANGA,84,2024-06-30T00:00:00,8.87,2.895677,385,373,282,256,3.3556604,2023-07-01T00:00:00,30.88382352941177,A. Kalappur,"{""geodesic"":false,""type"":""Point"",""coordinates"":[78.42198107258591,9.822403895383879]}"
134_0,0.5,0.10316667,0,0.07,6.3,0.14095263,260,3.3,124,0.27919826,0.27,10.6,0.17401579,10,0.34717193,0.27291578,-0.7771936679740283,0.5,63.781086,319,335,2023-10-31,SIVAGANGA,92,2024-06-30T00:00:00,5.13,3.267229,372,361,309,304,2.0983975,2023-07-01T00:00:00,30.831437499999996,A. Kalappur,"{""geodesic"":false,""type"":""Point"",""coordinates"":[78.52465850956077,9.955534220490392]}"
135_0,0.6,0.11441053,0.4,0.05,6.5,0.14932281,250,3.1,131,0.30182457,0.24,12.5,0.1860421,12.5,0.36620352,0.27900526,-0.2631543260463796,0.5,270.0,319,335,2023-10-31,SIVAGANGA,88,2024-06-30T00:00:00,4.96,3.267229,372,361,309,304,1.8826647,2023-07-01T00:00:00,30.872933333333332,A. Kalappur,"{""geodesic"":false,""type"":""Point"",""coordinates"":[78.5241195203903,9.955803715075628]}"
136_0,0.6,0.12954615,0.4,0.15,6.1,0.16603461,288,3,94,0.32456154,0.18,12.5,0.21434231,0.8,0.39157307,0.32281154,-1.2476911619961484,0.6,214.09651,389,402,2023-10-28,SIVAGANGA,31,2024-06-30T00:00:00,8.1,2.5194597,355,345,256,253,3.356247,2023-07-01T00:00:00,30.847435897435915,A. Kalappur,"{""geodesic"":false,""type"":""Point"",""coordinates"":[78.95423287842672,10.005390718759026]}"
138_0,0.65,0.12954615,0.3,0.17,6,0.16603461,298,2.9,94,0.32456154,0.15,17.5,0.21434231,0.6,0.39157307,0.32281154,-1.2476911619961484,0.6,214.09651,389,402,2023-10-28,SIVAGANGA,31,2024-06-30T00:00:00,7.9,2.5194597,355,345,256,253,3.356247,2023-07-01T00:00:00,30.847435897435915,A. Kalappur,"{""geodesic"":false,""type"":""Point"",""coordinates"":[78.95423287842672,10.005390718759026]}"
139_0,0.2,0.101445764,0.5,0.1,7.5,0.13005593,327,2.8,83,0.30142543,0.3,10.6,0.14811695,10,0.3450712,0.2521949,-0.6534385587712105,0.5,180.0,293,313,2023-11-08,SIVAGANGA,93,2024-06-30T00:00:00,7.87,3.267229,404,386,303,300,0.92740995,2023-07-01T00:00:00,30.831437499999996,A. Kalappur,"{""geodesic"":false,""type"":""Point"",""coordinates"":[78.5241195203903,9.952300285467562]}"
140_0,0.33,0.15444098,0.4,0.58,4.7,0.17059672,279,3,111,0.27651805,0.33,20,0.18711638,6.9,0.28360984,0.21610329,-1.701534134878521,0.5,314.55145,362,370,2023-11-20,SIVAGANGA,93,2024-06-30T00:00:00,7.19,3.0643685,375,369,263,261,2.6422465,2023-07-01T00:00:00,30.712499999999995,A. Kalappur,"{""geodesic"":false,""type"":""Point"",""coordinates"":[78.62841392487657,10.112649563682897]}"
141_0,0.6,0.10905082,0.4,0.1,6.2,0.1331164,298,2.9,103,0.26534754,0.27,10,0.15923935,15,0.31154427,0.23988032,-2.0558608772799736,0.4,270.0,352,362,2023-11-02,SIVAGANGA,93,2024-06-30T00:00:00,6.5,3.0643685,378,374,269,264,3.7630618,2023-07-01T00:00:00,30.712499999999995,A. Kalappur,"{""geodesic"":false,""type"":""Point"",""coordinates"":[78.6262579681947,10.110224112415773]}"
142_0,0.1,0.09086195,0.2,0.12,4.4,0.114961065,225,3.1,80,0.3813124,0.27,4.3,0.103240706,6.4,0.2845531,0.1773177,2.1302138649877516,0.3,-0.0,315,324,2023-10-19,SIVAGANGA,114,2024-06-30T00:00:00,7.53,2.9734738,411,401,274,276,0.0,2023-07-01T00:00:00,30.788588235294128,A. Kalappur,"{""geodesic"":false,""type"":""Point"",""coordinates"":[78.7262404593172,10.15199577312733]}"
143_0,0.55,0.08981858,0.3,0.25,6.3,0.12444248,298,3.2,98,0.24433894,0.3,12.5,0.15174955,12.5,0.30464777,0.23979115,-1.0085641144184807,0.4,134.54808,345,357,2023-11-07,SIVAGANGA,104,2024-06-30T00:00:00,6.5,2.9734738,367,357,288,286,1.3219051,2023-07-01T00:00:00,30.84660606060607,A. Kalappur,"{""geodesic"":false,""type"":""Point"",""coordinates"":[78.7014469574755,10.150648300201151]}"
146_0,0.3,0.114980325,0.4,0.05,4.5,0.13576393,279,2.1,118,0.28731966,0.24,15,0.14053607,3.4,0.29875082,0.22264753,-1.4619970620806486,0.5,206.92915,321,331,2023-10-19,SIVAGANGA,138,2024-06-30T00:00:00,6.64,3.3231988,383,376,296,293,2.0796719,2023-07-01T00:00:00,30.832500000000007,Muraiyur,"{""geodesic"":false,""type"":""Point"",""coordinates"":[78.51414822073657,10.162236567366294]}"
147_0,0.2,0.11023606,0.3,0.05,4.5,0.13756229,235,2.7,125,0.30472133,0.3,17.5,0.15853114,3.6,0.3320459,0.25776392,-1.0086184764344832,0.4,45.45302,324,336,2023-10-19,SIVAGANGA,140,2024-06-30T00:00:00,6.7,3.3231988,369,366,307,299,1.3219308,2023-07-01T00:00:00,30.832500000000007,Muraiyur,"{""geodesic"":false,""type"":""Point"",""coordinates"":[78.51441771532181,10.162775556536765]}"
148_0,0.55,0.118493445,0.3,0.13,6,0.14754263,317,2.7,107,0.30180985,0.27,22.5,0.17576393,5,0.3479082,0.28301638,-1.9475512123209398,0.4,303.27316,317,328,2023-10-19,SIVAGANGA,139,2024-06-30T00:00:00,7.38,3.3231988,373,370,310,302,3.3771918,2023-07-01T00:00:00,30.832500000000007,Muraiyur,"{""geodesic"":false,""type"":""Point"",""coordinates"":[78.51414822073657,10.162775556536765]}"
149_0,0.2,0.1145,0.3,0.04,4.4,0.1324246,269,2.7,118,0.27738687,0.24,20,0.13399181,3.9,0.28301966,0.20228197,-1.461995062102105,0.4,153.07086,321,331,2023-10-19,SIVAGANGA,138,2024-06-30T00:00:00,6.62,3.3231988,383,376,296,293,2.0796714,2023-07-01T00:00:00,30.832500000000007,Muraiyur,"{""geodesic"":false,""type"":""Point"",""coordinates"":[78.51441771532181,10.161967072781058]}"
150_0,0.71,0.093772136,0.1,0.15,6.1,0.12078852,288,3.1,96,0.28971148,0.24,20.6,0.13486557,6.1,0.31372297,0.22864754,-2.107210424446246,0.5,134.54741,311,322,2023-10-20,SIVAGANGA,134,2024-06-30T00:00:00,7.91,3.3231988,383,376,306,301,3.960148,2023-07-01T00:00:00,30.80455555555556,Muraiyur,"{""geodesic"":false,""type"":""Point"",""coordinates"":[78.51522619907752,10.158194148587755]}"
151_0,0.5,0.13641864,0.3,0.18,5.9,0.15942882,288,2.8,100,0.35370678,0.27,22.5,0.16580679,7.5,0.32428813,0.23546611,4.650653390679409,0.6,90.0,325,311,2023-10-20,SIVAGANGA,131,2024-06-30T00:00:00,7.82,3.3231988,380,387,295,302,3.763644,2023-07-01T00:00:00,30.775393939393947,Muraiyur,"{""geodesic"":false,""type"":""Point"",""coordinates"":[78.5030989427419,10.160080610684407]}"
152_0,0.1,0.06055862,0.2,0.05,4.3,0.09031896,250,3.2,107,0.3114276,0.21,15,0.09098793,3.6,0.23878103,0.15212587,-1.059521334943382,0.3,180.0,330,337,2023-10-25,SIVAGANGA,132,2024-06-30T00:00:00,7.35,3.3231988,372,367,298,295,2.7802885,2023-07-01T00:00:00,30.80455555555556,Muraiyur,"{""geodesic"":false,""type"":""Point"",""coordinates"":[78.51846013410035,10.15603819190587]}"
153_0,0.3,0.06422542,0.4,0.05,4.5,0.08766949,288,3.7,107,0.25802204,0.21,15,0.09113729,3.4,0.23407458,0.16057627,-1.1138066699727793,0.5,161.29185,317,329,2023-10-25,SIVAGANGA,133,2024-06-30T00:00:00,7.26,3.3231988,381,375,302,297,2.9351163,2023-07-01T00:00:00,30.80455555555556,Muraiyur,"{""geodesic"":false,""type"":""Point"",""coordinates"":[78.51819063951511,10.156307686491106]}"
154_0,0.2,0.052962713,0.3,0.05,4.4,0.08171356,235,3.4,111,0.31518814,0.24,12.6,0.07404407,3.9,0.23341694,0.14959152,-0.7688268369651051,0.4,153.07129,330,337,2023-10-25,SIVAGANGA,132,2024-06-30T00:00:00,7.17,3.3231988,372,367,298,295,2.0796638,2023-07-01T00:00:00,30.80455555555556,Muraiyur,"{""geodesic"":false,""type"":""Point"",""coordinates"":[78.51819063951511,10.15603819190587]}"
155_0,0.2,0.0922512,0.3,0.28,4.2,0.1243352,235,3.4,87,0.2195624,0.21,8.5,0.15504,5.5,0.311048,0.2150984,-1.460872366317101,0.4,26.90719,305,324,2023-10-20,SIVAGANGA,90,2024-06-30T00:00:00,7.02,2.9133692,385,368,309,309,2.0792675,2023-07-01T00:00:00,30.896733333333334,Kollankudi,"{""geodesic"":false,""type"":""Point"",""coordinates"":[78.60874082015435,9.853934761856474]}"
156_0,0.1,0.0922512,0.1,0.22,4.3,0.1243352,235,3.6,93,0.2195624,0.24,8.5,0.15504,5.6,0.311048,0.2150984,-1.460872366317101,0.2,26.90719,305,324,2023-10-20,SIVAGANGA,90,2024-06-30T00:00:00,4.72,2.9133692,385,368,309,309,2.0792675,2023-07-01T00:00:00,30.896733333333334,Kollankudi,"{""geodesic"":false,""type"":""Point"",""coordinates"":[78.60874082015435,9.853934761856474]}"
157_0,0.3,0.0922512,0.1,0.2,4.1,0.1243352,288,3.9,97,0.2195624,0.3,8.5,0.15504,5.1,0.311048,0.2150984,-1.460872366317101,0.2,26.90719,305,324,2023-10-20,SIVAGANGA,90,2024-06-30T00:00:00,7.21,2.9133692,385,368,309,309,2.0792675,2023-07-01T00:00:00,30.896733333333334,Kollankudi,"{""geodesic"":false,""type"":""Point"",""coordinates"":[78.60874082015435,9.853934761856474]}"
158_0,0.4,0.19489445,0.7,0.6,6.5,0.21602593,413,3.9,103.7,0.3481185,0.3,8.5,0.24347778,15,0.36462036,0.28908148,2.916826540354899,0.4,270.0,351,353,2023-12-14,SIVAGANGA,20,2024-06-30T00:00:00,7.42,2.3916147,319,321,331,326,1.8808452,2023-07-01T00:00:00,30.941677419354843,Muthur,"{""geodesic"":false,""type"":""Point"",""coordinates"":[78.7593882933012,9.634835664059723]}"
159_0,0.5,0.19336481,0.6,0.64,6.5,0.21323334,413,3.3,103.7,0.33699444,0.36,8.5,0.24371111,12.5,0.36297593,0.29302406,2.8080624387494684,0.4,243.75917,351,353,2023-12-14,SIVAGANGA,22,2024-06-30T00:00:00,7.32,2.3916147,319,321,331,326,2.09677,2023-07-01T00:00:00,30.941677419354843,Muthur,"{""geodesic"":false,""type"":""Point"",""coordinates"":[78.7593882933012,9.635374653230194]}"
160_0,0.55,0.19336481,0.4,0.54,6.5,0.21323334,450,3.2,96.8,0.33699444,0.3,10.6,0.24371111,15,0.36297593,0.29302406,2.8080624387494684,0.4,243.75917,351,353,2023-12-14,SIVAGANGA,22,2024-06-30T00:00:00,7.44,2.3916147,319,321,331,326,2.09677,2023-07-01T00:00:00,30.941677419354843,Muthur,"{""geodesic"":false,""type"":""Point"",""coordinates"":[78.7593882933012,9.635374653230194]}"
161_0,0.4,0.17895927,0.4,0.62,6.3,0.19756296,463,3.2,107.2,0.32516482,0.24,10.6,0.22213519,15,0.3390074,0.2701685,2.337290020469536,0.4,214.06679,351,353,2023-12-14,SIVAGANGA,20,2024-06-30T00:00:00,7.44,2.3916147,319,321,331,326,3.3550718,2023-07-01T00:00:00,30.941677419354843,Muthur,"{""geodesic"":false,""type"":""Point"",""coordinates"":[78.75911879871596,9.635374653230194]}"
162_0,0.4,0.19336481,0.5,0.58,6.4,0.21323334,425,3.6,103.7,0.33699444,0.27,10.6,0.24371111,17.5,0.36297593,0.29302406,2.8080624387494684,0.4,243.75917,351,353,2023-12-14,SIVAGANGA,22,2024-06-30T00:00:00,7.47,2.3916147,319,321,331,326,2.09677,2023-07-01T00:00:00,30.941677419354843,Muthur,"{""geodesic"":false,""type"":""Point"",""coordinates"":[78.7593882933012,9.635374653230194]}"
163_0,0.4,0.0923,0.3,0.35,5.5,0.120619565,308,2.8,80,0.29370654,0.18,6.3,0.12910435,10,0.25668478,0.17745435,-1.3604476183090135,0.5,90.0,324,349,2023-12-14,SIVAGANGA,92,2024-06-30T00:00:00,8.38,2.4236603,381,362,296,289,1.8814098,2023-07-01T00:00:00,30.677687499999998,Puliyankulam,"{""geodesic"":false,""type"":""Point"",""coordinates"":[78.28696428538274,9.735626638937934]}"
164_0,0.4,0.0923,0.3,0.34,5.5,0.120619565,308,2.8,80,0.29370654,0.18,8.5,0.12910435,10,0.25668478,0.17745435,-1.3604476183090135,0.5,90.0,324,349,2023-12-14,SIVAGANGA,92,2024-06-30T00:00:00,8.3,2.4236603,381,362,296,289,1.8814098,2023-07-01T00:00:00,30.677687499999998,Puliyankulam,"{""geodesic"":false,""type"":""Point"",""coordinates"":[78.28696428538274,9.735626638937934]}"
165_0,0.5,0.089489795,0.3,0.5,5.5,0.11161429,298,2.7,83,0.31066123,0.18,6.3,0.09751633,12.5,0.24234082,0.15390204,-1.9454208172902898,0.5,123.306564,326,345,2023-12-14,SIVAGANGA,93,2024-06-30T00:00:00,8.44,2.4236603,390,381,285,274,3.374202,2023-07-01T00:00:00,30.627625000000002,Puliyankulam,"{""geodesic"":false,""type"":""Point"",""coordinates"":[78.27995742616662,9.748023389858782]}"
166_0,0.5,0.0954,0.7,0.29,5.6,0.11826041,298,2.7,65.7,0.31691667,0.3,8.5,0.10096458,12.5,0.21454583,0.13870208,-1.460512274094075,0.4,333.0998,328,348,2023-12-14,SIVAGANGA,93,2024-06-30T00:00:00,8.66,2.6314178,397,393,275,259,2.0791388,2023-07-01T00:00:00,30.639687499999997,Puliyankulam,"{""geodesic"":false,""type"":""Point"",""coordinates"":[78.2745675344619,9.753682776148736]}"
167_0,0.6,0.14720736,0.4,0.13,6.9,0.18414947,337,3.7,128,0.33206633,0.33,30,0.21453159,12.5,0.35034,0.26461685,-0.6529080864602231,0.4,180.0,322,346,2023-11-15,SIVAGANGA,43,2024-06-30T00:00:00,4.72,2.7430634,393,370,285,284,3.7047918,2023-07-01T00:00:00,30.988580645161296,Palkulam,"{""geodesic"":false,""type"":""Point"",""coordinates"":[78.65212944837732,9.773355880870954]}"
168_0,0.4,0.057063963,0.7,0.28,7.6,0.08185405,365,2.9,80,0.28575134,0.24,6.3,0.08179009,12.5,0.25864685,0.17371261,-1.3614514291980773,0.7,270.0,318,331,2023-12-29,SIVAGANGA,91,2024-06-30T00:00:00,5.9,3.199294,379,367,303,302,1.8823645,2023-07-01T00:00:00,30.85866666666666,Sennalakudi,"{""geodesic"":false,""type"":""Point"",""coordinates"":[78.56535219193138,9.903521765539871]}"
169_0,0.6,0.10559009,0.1,0.37,6.7,0.13228019,291,3.5,93.4,0.25302342,0.21,10.65,0.16385946,6.25,0.3459937,0.24006216,-0.6532974617393437,0.5,180.0,294,316,2023-12-28,SIVAGANGA,105,2024-06-30T00:00:00,7.13,3.1272776,383,366,323,318,0.92740995,2023-07-01T00:00:00,30.89506666666666,Sennalakudi,"{""geodesic"":false,""type"":""Point"",""coordinates"":[78.53436031462925,9.904599743880816]}"
170_0,0.5,0.096932076,0.6,0.27,7.4,0.1306217,317,2.9,87,0.2862849,0.27,30,0.17224057,7.5,0.37481794,0.27916887,-0.8418269654332816,0.4,145.91173,280,303,2023-12-16,SIVAGANGA,101,2024-06-30T00:00:00,6.35,3.1272776,399,381,321,317,3.355921,2023-07-01T00:00:00,30.909375,Sennalakudi,"{""geodesic"":false,""type"":""Point"",""coordinates"":[78.54109767926016,9.904060754710343]}"
171_0,0.4,0.098551884,0.7,0.33,7.3,0.13616793,337,2.9,93,0.2864198,0.27,10.6,0.18782547,7.5,0.3886896,0.29629716,0.4303015406615353,0.4,90.0,276,293,2023-12-16,SIVAGANGA,103,2024-06-30T00:00:00,6.9,3.1272776,400,385,324,322,0.94143707,2023-07-01T00:00:00,30.909375,Sennalakudi,"{""geodesic"":false,""type"":""Point"",""coordinates"":[78.54028919550444,9.903791260125107]}"
172_0,0.3,0.11381538,0.1,0.19,3.9,0.13615,288,2.2,100,0.3065173,0.24,25,0.14073654,1.3,0.26672307,0.19485769,-1.7684148471537093,0.2,90.0,368,371,2023-11-10,SIVAGANGA,64,2024-06-30T00:00:00,7.34,2.693835,367,358,265,271,2.8244092,2023-07-01T00:00:00,30.71548571428572,Adappadakki,"{""geodesic"":false,""type"":""Point"",""coordinates"":[78.89144064006678,10.148492343519266]}"
173_0,0.5,0.12576604,0.4,0.16,6.5,0.15482642,279,3.2,110,0.2993717,0.27,30,0.17603774,12.5,0.32360566,0.24778491,1.9109123015048397,0.4,-0.0,359,361,2023-09-07,SIVAGANGA,63,2024-06-30T00:00:00,5.67,2.693835,370,359,271,279,0.92740995,2023-07-01T00:00:00,30.7075,Adappadakki,"{""geodesic"":false,""type"":""Point"",""coordinates"":[78.89413558591913,10.147953354348793]}"
174_0,0.1,0.10522264,0.3,0.1,6.5,0.13251887,269,3.1,87,0.33034718,0.3,12.5,0.13597925,12.5,0.29290378,0.2084,2.118552602565563,0.4,180.0,356,364,2023-09-07,SIVAGANGA,61,2024-06-30T00:00:00,7.1,2.693835,375,363,269,273,0.92740995,2023-07-01T00:00:00,30.7075,Adappadakki,"{""geodesic"":false,""type"":""Point"",""coordinates"":[78.89494406967484,10.147683859763557]}"
175_0,0.6,0.111803636,0.3,0.19,6.8,0.1402091,289,3,100,0.28962547,0.27,8.5,0.16625273,12.5,0.35469455,0.24848364,-0.36336964672229155,0.5,206.92879,313,318,2023-12-29,SIVAGANGA,102,2024-06-30T00:00:00,6.7,3.0220275,374,373,313,309,2.0796652,2023-07-01T00:00:00,30.85516129032258,Adappadakki,"{""geodesic"":false,""type"":""Point"",""coordinates"":[78.77609695758582,10.157116170246812]}"
176_0,0.5,0.113364816,0.5,0.19,7.6,0.13400556,308,4.2,90,0.29836112,0.24,30,0.13494074,15,0.31468332,0.23560186,0.4445374402140768,0.4,-0.0,319,327,2023-11-21,SIVAGANGA,107,2024-06-30T00:00:00,6.17,3.0220275,379,375,302,297,0.92740995,2023-07-01T00:00:00,30.860451612903233,Adappadakki,"{""geodesic"":false,""type"":""Point"",""coordinates"":[78.77097656046634,10.161428083610586]}"
177_0,0.5,0.12818462,0.4,0.11,5.7,0.16361345,279,2.7,87,0.3025673,0.24,10.6,0.18850385,10,0.333125,0.2511423,3.5763293430718432,0.6,225.45372,344,359,2023-09-07,SIVAGANGA,70,2024-06-30T00:00:00,7.95,2.7924168,370,358,287,283,3.9602265,2023-07-01T00:00:00,30.73537142857143,Adappadakki,"{""geodesic"":false,""type"":""Point"",""coordinates"":[78.86529966529889,10.170590899508605]}"
178_0,0.5,0.13569231,0.3,0.6,6.1,0.15631539,269,2.8,97,0.3044359,0.24,15,0.16790769,12.5,0.33055383,0.25692052,3.441318911993511,0.6,90.0,344,360,2023-09-07,SIVAGANGA,58,2024-06-30T00:00:00,7.45,2.693835,373,358,283,282,0.9420217,2023-07-01T00:00:00,30.57524324324324,Adappadakki,"{""geodesic"":false,""type"":""Point"",""coordinates"":[78.89440508050437,10.105642704466764]}"
180_0,0.6,0.08898468,0.3,0.38,6.5,0.11001532,280,3.5,86.5,0.24059549,0.21,12.5,0.13017477,6.25,0.2943099,0.2035919,-1.361507462178193,0.5,90.0,338,350,2023-12-28,SIVAGANGA,96,2024-06-30T00:00:00,6.8,3.199294,360,348,302,301,1.8824171,2023-07-01T00:00:00,30.865937500000005,Sennalakudi,"{""geodesic"":false,""type"":""Point"",""coordinates"":[78.57182006197705,9.91268458143789]}"
181_0,0.45,0.19489445,0.7,0.4,6.5,0.21602593,425,3.9,96.8,0.3481185,0.33,8.5,0.24347778,17.5,0.36462036,0.28908148,2.916826540354899,0.4,270.0,351,353,2023-12-14,SIVAGANGA,20,2024-06-30T00:00:00,7.11,2.3916147,319,321,331,326,1.8808452,2023-07-01T00:00:00,30.941677419354843,Muthur,"{""geodesic"":false,""type"":""Point"",""coordinates"":[78.7593882933012,9.634835664059723]}"
182_0,0.15,0.13706337,0.4,0.36,7.9,0.15166634,337,4.2,66,0.26932573,0.24,30,0.15880197,5,0.2981198,0.21950495,2.6815966898668377,0.4,134.57278,363,367,2023-11-19,SIVAGANGA,41,2024-06-30T00:00:00,5.83,2.225173,361,355,276,278,1.3213265,2023-07-01T00:00:00,30.857925925925926,Kandiyur,"{""geodesic"":false,""type"":""Point"",""coordinates"":[78.82676193961017,9.870643426141097]}"
183_0,0.4,0.12277838,0.5,0.34,4.6,0.14973783,235,3.8,76,0.28977567,0.247,2.1,0.16880271,5.3,0.36117026,0.28442433,-1.8188828835439554,0.6,71.828476,387,390,2023-09-08,SIVAGANGA,46,2024-06-30T00:00:00,7.08,2.224102,345,345,268,265,2.9713686,2023-07-01T00:00:00,30.649166666666662,Pirambuvayal,"{""geodesic"":false,""type"":""Point"",""coordinates"":[78.87796591080497,10.036113101475912]}"
